File accession	File format	Output type	Assay term name	Dataset accession	Annotation type	Software used	Encyclopedia Version	Biosample term id	Biosample term name	Biosample type	Life stage	Age	Age units	Organism	Targets	Dataset date released	Project	Lab	md5sum	dbxrefs	File download URL	Assembly	Controlled by	File Status	Derived from	S3 URL	Azure URL	Size	Audit WARNING	Audit NOT_COMPLIANT	Audit ERROR
ENCFF841KWY	bed bed9+	candidate Cis-Regulatory Elements		ENCSR368VZW	candidate Cis-Regulatory Elements		current, ENCODE v3	UBERON:0000059	large intestine	tissue				Homo sapiens		2022-02-15	ENCODE	Zhiping Weng, UMass	bbcc84502253f31936e8ea98e028de59		https://www.encodeproject.org/files/ENCFF841KWY/@@download/ENCFF841KWY.bed.gz	GRCh38		released	/files/ENCFF413OTQ/	https://encode-public.s3.amazonaws.com/2021/09/19/ebb53a9a-83e2-4adf-8931-be1c758209b5/ENCFF841KWY.bed.gz	https://datasetencode.blob.core.windows.net/dataset/2021/09/19/ebb53a9a-83e2-4adf-8931-be1c758209b5/ENCFF841KWY.bed.gz?sv=2019-10-10&si=prod&sr=c&sig=9qSQZo4ggrCNpybBExU8SypuUZV33igI11xw0P7rB3c%3D	15118026			
ENCFF669TTI	bigBed bed9+	candidate Cis-Regulatory Elements		ENCSR368VZW	candidate Cis-Regulatory Elements		current, ENCODE v3	UBERON:0000059	large intestine	tissue				Homo sapiens		2022-02-15	ENCODE	Zhiping Weng, UMass	02b2b5539e2fc981ae2eee713ac62db3		https://www.encodeproject.org/files/ENCFF669TTI/@@download/ENCFF669TTI.bigBed	GRCh38		released	/files/ENCFF841KWY/	https://encode-public.s3.amazonaws.com/2021/09/19/33e2ff8d-beb3-4adf-9021-2afc91b3de3b/ENCFF669TTI.bigBed	https://datasetencode.blob.core.windows.net/dataset/2021/09/19/33e2ff8d-beb3-4adf-9021-2afc91b3de3b/ENCFF669TTI.bigBed?sv=2019-10-10&si=prod&sr=c&sig=9qSQZo4ggrCNpybBExU8SypuUZV33igI11xw0P7rB3c%3D	27620474			
ENCFF257QEB	bed bed9+	candidate Cis-Regulatory Elements		ENCSR373KEK	candidate Cis-Regulatory Elements		current, ENCODE v3	UBERON:0000059	large intestine	tissue				Homo sapiens		2022-02-15	ENCODE	Zhiping Weng, UMass	988ef9ec1939db9b1cb4091f34539c14		https://www.encodeproject.org/files/ENCFF257QEB/@@download/ENCFF257QEB.bed.gz	GRCh38		released	/files/ENCFF413OTQ/	https://encode-public.s3.amazonaws.com/2021/10/25/35308eed-e687-46d8-a487-0d024ca2d6ea/ENCFF257QEB.bed.gz	https://datasetencode.blob.core.windows.net/dataset/2021/10/25/35308eed-e687-46d8-a487-0d024ca2d6ea/ENCFF257QEB.bed.gz?sv=2019-10-10&si=prod&sr=c&sig=9qSQZo4ggrCNpybBExU8SypuUZV33igI11xw0P7rB3c%3D	15092140			
ENCFF312SCY	bigBed bed9+	candidate Cis-Regulatory Elements		ENCSR373KEK	candidate Cis-Regulatory Elements		current, ENCODE v3	UBERON:0000059	large intestine	tissue				Homo sapiens		2022-02-15	ENCODE	Zhiping Weng, UMass	b5baa0de913c54d8e3eafe2e4c864826		https://www.encodeproject.org/files/ENCFF312SCY/@@download/ENCFF312SCY.bigBed	GRCh38		released	/files/ENCFF257QEB/	https://encode-public.s3.amazonaws.com/2021/10/25/e3de266f-810e-40ea-afd3-4c89e6b4de87/ENCFF312SCY.bigBed	https://datasetencode.blob.core.windows.net/dataset/2021/10/25/e3de266f-810e-40ea-afd3-4c89e6b4de87/ENCFF312SCY.bigBed?sv=2019-10-10&si=prod&sr=c&sig=9qSQZo4ggrCNpybBExU8SypuUZV33igI11xw0P7rB3c%3D	27613763			
ENCFF516ZJM	bed bed9+	candidate Cis-Regulatory Elements		ENCSR102HGJ	candidate Cis-Regulatory Elements		current, ENCODE v3	UBERON:0001159	sigmoid colon	tissue				Homo sapiens		2022-02-15	ENCODE	Zhiping Weng, UMass	4362b328a7fd13bb09c19bdc20c7b939		https://www.encodeproject.org/files/ENCFF516ZJM/@@download/ENCFF516ZJM.bed.gz	GRCh38		released	/files/ENCFF413OTQ/	https://encode-public.s3.amazonaws.com/2021/10/25/88cdf56d-f94d-4618-9ab1-7f734540da57/ENCFF516ZJM.bed.gz	https://datasetencode.blob.core.windows.net/dataset/2021/10/25/88cdf56d-f94d-4618-9ab1-7f734540da57/ENCFF516ZJM.bed.gz?sv=2019-10-10&si=prod&sr=c&sig=9qSQZo4ggrCNpybBExU8SypuUZV33igI11xw0P7rB3c%3D	14988338			
ENCFF244IEB	bigBed bed9+	candidate Cis-Regulatory Elements		ENCSR102HGJ	candidate Cis-Regulatory Elements		current, ENCODE v3	UBERON:0001159	sigmoid colon	tissue				Homo sapiens		2022-02-15	ENCODE	Zhiping Weng, UMass	e67f41bbd34e118b9fd45b72010cac94		https://www.encodeproject.org/files/ENCFF244IEB/@@download/ENCFF244IEB.bigBed	GRCh38		released	/files/ENCFF516ZJM/	https://encode-public.s3.amazonaws.com/2021/10/25/fe379b76-4126-4c3b-b2d6-eb5e04d16a41/ENCFF244IEB.bigBed	https://datasetencode.blob.core.windows.net/dataset/2021/10/25/fe379b76-4126-4c3b-b2d6-eb5e04d16a41/ENCFF244IEB.bigBed?sv=2019-10-10&si=prod&sr=c&sig=9qSQZo4ggrCNpybBExU8SypuUZV33igI11xw0P7rB3c%3D	27541487			
ENCFF281JFE	bigBed bed9+	candidate Cis-Regulatory Elements		ENCSR229WYJ	candidate Cis-Regulatory Elements		current, ENCODE v3	UBERON:0000059	large intestine	tissue				Homo sapiens		2022-02-15	ENCODE	Zhiping Weng, UMass	94cb02b2113d76c8e59db1f7fe7252a7		https://www.encodeproject.org/files/ENCFF281JFE/@@download/ENCFF281JFE.bigBed	GRCh38		released	/files/ENCFF572DWG/	https://encode-public.s3.amazonaws.com/2021/10/25/f99d92ac-347f-4fff-96f2-6d0c8e3795fc/ENCFF281JFE.bigBed	https://datasetencode.blob.core.windows.net/dataset/2021/10/25/f99d92ac-347f-4fff-96f2-6d0c8e3795fc/ENCFF281JFE.bigBed?sv=2019-10-10&si=prod&sr=c&sig=9qSQZo4ggrCNpybBExU8SypuUZV33igI11xw0P7rB3c%3D	27614012			
ENCFF572DWG	bed bed9+	candidate Cis-Regulatory Elements		ENCSR229WYJ	candidate Cis-Regulatory Elements		current, ENCODE v3	UBERON:0000059	large intestine	tissue				Homo sapiens		2022-02-15	ENCODE	Zhiping Weng, UMass	3a5cb30b11e95afd57ed957c60c2c629		https://www.encodeproject.org/files/ENCFF572DWG/@@download/ENCFF572DWG.bed.gz	GRCh38		released	/files/ENCFF413OTQ/	https://encode-public.s3.amazonaws.com/2021/10/25/7f6a8142-5d9c-4ef2-a147-1e9f98259436/ENCFF572DWG.bed.gz	https://datasetencode.blob.core.windows.net/dataset/2021/10/25/7f6a8142-5d9c-4ef2-a147-1e9f98259436/ENCFF572DWG.bed.gz?sv=2019-10-10&si=prod&sr=c&sig=9qSQZo4ggrCNpybBExU8SypuUZV33igI11xw0P7rB3c%3D	15099391			
ENCFF475ITB	bed bed9+	candidate Cis-Regulatory Elements		ENCSR834AVK	candidate Cis-Regulatory Elements		current, ENCODE v3	UBERON:0000317	colonic mucosa	tissue				Homo sapiens		2022-02-15	ENCODE	Zhiping Weng, UMass	9095a8f8c522f9cfd96a1a72be1ee7df		https://www.encodeproject.org/files/ENCFF475ITB/@@download/ENCFF475ITB.bed.gz	GRCh38		released	/files/ENCFF413OTQ/	https://encode-public.s3.amazonaws.com/2021/09/20/edbf0205-d6b8-46e2-8f7c-4c8fa6c6b8d8/ENCFF475ITB.bed.gz	https://datasetencode.blob.core.windows.net/dataset/2021/09/20/edbf0205-d6b8-46e2-8f7c-4c8fa6c6b8d8/ENCFF475ITB.bed.gz?sv=2019-10-10&si=prod&sr=c&sig=9qSQZo4ggrCNpybBExU8SypuUZV33igI11xw0P7rB3c%3D	15161507			
ENCFF946AMW	bigBed bed9+	candidate Cis-Regulatory Elements		ENCSR834AVK	candidate Cis-Regulatory Elements		current, ENCODE v3	UBERON:0000317	colonic mucosa	tissue				Homo sapiens		2022-02-15	ENCODE	Zhiping Weng, UMass	1563d614486c15a9876962d0b32c01aa		https://www.encodeproject.org/files/ENCFF946AMW/@@download/ENCFF946AMW.bigBed	GRCh38		released	/files/ENCFF475ITB/	https://encode-public.s3.amazonaws.com/2021/09/20/4b2a0ace-e0fe-4a29-8eb1-875a20151b97/ENCFF946AMW.bigBed	https://datasetencode.blob.core.windows.net/dataset/2021/09/20/4b2a0ace-e0fe-4a29-8eb1-875a20151b97/ENCFF946AMW.bigBed?sv=2019-10-10&si=prod&sr=c&sig=9qSQZo4ggrCNpybBExU8SypuUZV33igI11xw0P7rB3c%3D	35987264			
ENCFF606DOD	bed bed9+	candidate Cis-Regulatory Elements		ENCSR019GHX	candidate Cis-Regulatory Elements		current, ENCODE v3	UBERON:0001157	transverse colon	tissue				Homo sapiens		2022-02-15	ENCODE	Zhiping Weng, UMass	a7257fde881a488a3b3f1268754588c9		https://www.encodeproject.org/files/ENCFF606DOD/@@download/ENCFF606DOD.bed.gz	GRCh38		released	/files/ENCFF413OTQ/	https://encode-public.s3.amazonaws.com/2021/09/20/1b0c8fa4-8e98-4289-928f-3b8f7f5ddda7/ENCFF606DOD.bed.gz	https://datasetencode.blob.core.windows.net/dataset/2021/09/20/1b0c8fa4-8e98-4289-928f-3b8f7f5ddda7/ENCFF606DOD.bed.gz?sv=2019-10-10&si=prod&sr=c&sig=9qSQZo4ggrCNpybBExU8SypuUZV33igI11xw0P7rB3c%3D	15044995			
ENCFF790PDO	bigBed bed9+	candidate Cis-Regulatory Elements		ENCSR019GHX	candidate Cis-Regulatory Elements		current, ENCODE v3	UBERON:0001157	transverse colon	tissue				Homo sapiens		2022-02-15	ENCODE	Zhiping Weng, UMass	e049e4b70482715ae4b1eb64c959a24c		https://www.encodeproject.org/files/ENCFF790PDO/@@download/ENCFF790PDO.bigBed	GRCh38		released	/files/ENCFF606DOD/	https://encode-public.s3.amazonaws.com/2021/09/20/cce86e80-ed1d-40f5-8d97-ea64c48c83e3/ENCFF790PDO.bigBed	https://datasetencode.blob.core.windows.net/dataset/2021/09/20/cce86e80-ed1d-40f5-8d97-ea64c48c83e3/ENCFF790PDO.bigBed?sv=2019-10-10&si=prod&sr=c&sig=9qSQZo4ggrCNpybBExU8SypuUZV33igI11xw0P7rB3c%3D	35963906			
ENCFF507HVH	bed bed9+	candidate Cis-Regulatory Elements		ENCSR855THX	candidate Cis-Regulatory Elements		current, ENCODE v3	UBERON:0001159	sigmoid colon	tissue				Homo sapiens		2022-02-15	ENCODE	Zhiping Weng, UMass	5670f83cc07cef72052123242ed1f46e		https://www.encodeproject.org/files/ENCFF507HVH/@@download/ENCFF507HVH.bed.gz	GRCh38		released	/files/ENCFF413OTQ/	https://encode-public.s3.amazonaws.com/2021/10/25/572b0fc2-d411-4a3d-aa18-46b339ebd417/ENCFF507HVH.bed.gz	https://datasetencode.blob.core.windows.net/dataset/2021/10/25/572b0fc2-d411-4a3d-aa18-46b339ebd417/ENCFF507HVH.bed.gz?sv=2019-10-10&si=prod&sr=c&sig=9qSQZo4ggrCNpybBExU8SypuUZV33igI11xw0P7rB3c%3D	15010617			
ENCFF386TZM	bigBed bed9+	candidate Cis-Regulatory Elements		ENCSR855THX	candidate Cis-Regulatory Elements		current, ENCODE v3	UBERON:0001159	sigmoid colon	tissue				Homo sapiens		2022-02-15	ENCODE	Zhiping Weng, UMass	abdad9adf4c8657070fc92b5de00b647		https://www.encodeproject.org/files/ENCFF386TZM/@@download/ENCFF386TZM.bigBed	GRCh38		released	/files/ENCFF507HVH/	https://encode-public.s3.amazonaws.com/2021/10/25/000b30db-0cad-4343-b4c4-2e45e723045c/ENCFF386TZM.bigBed	https://datasetencode.blob.core.windows.net/dataset/2021/10/25/000b30db-0cad-4343-b4c4-2e45e723045c/ENCFF386TZM.bigBed?sv=2019-10-10&si=prod&sr=c&sig=9qSQZo4ggrCNpybBExU8SypuUZV33igI11xw0P7rB3c%3D	35917124			
ENCFF048AGW	bigBed bed9+	candidate Cis-Regulatory Elements		ENCSR206POU	candidate Cis-Regulatory Elements		current, ENCODE v3	UBERON:0000059	large intestine	tissue				Homo sapiens		2022-02-15	ENCODE	Zhiping Weng, UMass	38dcc2aba486117d3303288b040c2704		https://www.encodeproject.org/files/ENCFF048AGW/@@download/ENCFF048AGW.bigBed	GRCh38		released	/files/ENCFF661PLY/	https://encode-public.s3.amazonaws.com/2021/10/25/dc3e8eea-7ddd-48eb-a8b5-d8765fe5c0cd/ENCFF048AGW.bigBed	https://datasetencode.blob.core.windows.net/dataset/2021/10/25/dc3e8eea-7ddd-48eb-a8b5-d8765fe5c0cd/ENCFF048AGW.bigBed?sv=2019-10-10&si=prod&sr=c&sig=9qSQZo4ggrCNpybBExU8SypuUZV33igI11xw0P7rB3c%3D	27602816			
ENCFF661PLY	bed bed9+	candidate Cis-Regulatory Elements		ENCSR206POU	candidate Cis-Regulatory Elements		current, ENCODE v3	UBERON:0000059	large intestine	tissue				Homo sapiens		2022-02-15	ENCODE	Zhiping Weng, UMass	a0fd9d7c39382d053dd2a8c5d84cf9b7		https://www.encodeproject.org/files/ENCFF661PLY/@@download/ENCFF661PLY.bed.gz	GRCh38		released	/files/ENCFF413OTQ/	https://encode-public.s3.amazonaws.com/2021/10/25/2d12dca8-158f-45f8-a390-ec028764d5ed/ENCFF661PLY.bed.gz	https://datasetencode.blob.core.windows.net/dataset/2021/10/25/2d12dca8-158f-45f8-a390-ec028764d5ed/ENCFF661PLY.bed.gz?sv=2019-10-10&si=prod&sr=c&sig=9qSQZo4ggrCNpybBExU8SypuUZV33igI11xw0P7rB3c%3D	15098189			
ENCFF900LHN	bed bed9+	candidate Cis-Regulatory Elements		ENCSR481AZU	candidate Cis-Regulatory Elements		current, ENCODE v3	UBERON:0000059	large intestine	tissue				Homo sapiens		2022-02-15	ENCODE	Zhiping Weng, UMass	4f7c2e73dbf74adc6a880a0491be48e3		https://www.encodeproject.org/files/ENCFF900LHN/@@download/ENCFF900LHN.bed.gz	GRCh38		released	/files/ENCFF413OTQ/	https://encode-public.s3.amazonaws.com/2021/10/25/27347103-dc94-43de-8aa0-ee135b989685/ENCFF900LHN.bed.gz	https://datasetencode.blob.core.windows.net/dataset/2021/10/25/27347103-dc94-43de-8aa0-ee135b989685/ENCFF900LHN.bed.gz?sv=2019-10-10&si=prod&sr=c&sig=9qSQZo4ggrCNpybBExU8SypuUZV33igI11xw0P7rB3c%3D	15104291			
ENCFF169NIT	bigBed bed9+	candidate Cis-Regulatory Elements		ENCSR481AZU	candidate Cis-Regulatory Elements		current, ENCODE v3	UBERON:0000059	large intestine	tissue				Homo sapiens		2022-02-15	ENCODE	Zhiping Weng, UMass	a9302b0c66d4bef9551ac72e8501365f		https://www.encodeproject.org/files/ENCFF169NIT/@@download/ENCFF169NIT.bigBed	GRCh38		released	/files/ENCFF900LHN/	https://encode-public.s3.amazonaws.com/2021/10/25/7eaaa916-2e2a-4b53-81be-b8cac1cb3823/ENCFF169NIT.bigBed	https://datasetencode.blob.core.windows.net/dataset/2021/10/25/7eaaa916-2e2a-4b53-81be-b8cac1cb3823/ENCFF169NIT.bigBed?sv=2019-10-10&si=prod&sr=c&sig=9qSQZo4ggrCNpybBExU8SypuUZV33igI11xw0P7rB3c%3D	27607343			
ENCFF604EPU	bigBed bed9+	candidate Cis-Regulatory Elements		ENCSR496ZLW	candidate Cis-Regulatory Elements		current, ENCODE v3	UBERON:0000160	intestine	tissue				Mus musculus		2022-02-24	ENCODE	Zhiping Weng, UMass	0e661473d1caf9f4688dcda05b1e0824		https://www.encodeproject.org/files/ENCFF604EPU/@@download/ENCFF604EPU.bigBed	mm10		released	/files/ENCFF751RMP/	https://encode-public.s3.amazonaws.com/2022/02/23/f3087f2d-a70a-45c9-9a6f-91659714a7c4/ENCFF604EPU.bigBed	https://datasetencode.blob.core.windows.net/dataset/2022/02/23/f3087f2d-a70a-45c9-9a6f-91659714a7c4/ENCFF604EPU.bigBed?sv=2019-10-10&si=prod&sr=c&sig=9qSQZo4ggrCNpybBExU8SypuUZV33igI11xw0P7rB3c%3D	9511623			
ENCFF751RMP	bed bed9+	candidate Cis-Regulatory Elements		ENCSR496ZLW	candidate Cis-Regulatory Elements		current, ENCODE v3	UBERON:0000160	intestine	tissue				Mus musculus		2022-02-24	ENCODE	Zhiping Weng, UMass	2b530b1670a8e74c6b4db39b7371aae7		https://www.encodeproject.org/files/ENCFF751RMP/@@download/ENCFF751RMP.bed.gz	mm10		released	/files/ENCFF095AEF/	https://encode-public.s3.amazonaws.com/2022/02/23/3778cde3-7b69-431f-bd7d-13276d19e834/ENCFF751RMP.bed.gz	https://datasetencode.blob.core.windows.net/dataset/2022/02/23/3778cde3-7b69-431f-bd7d-13276d19e834/ENCFF751RMP.bed.gz?sv=2019-10-10&si=prod&sr=c&sig=9qSQZo4ggrCNpybBExU8SypuUZV33igI11xw0P7rB3c%3D	4676617			
ENCFF666XFC	bed bed9+	candidate Cis-Regulatory Elements		ENCSR834NCV	candidate Cis-Regulatory Elements		current, ENCODE v3	UBERON:0000059	large intestine	tissue				Homo sapiens		2022-02-15	ENCODE	Zhiping Weng, UMass	7735afc86c07f971f4820738668f6d08		https://www.encodeproject.org/files/ENCFF666XFC/@@download/ENCFF666XFC.bed.gz	GRCh38		released	/files/ENCFF413OTQ/	https://encode-public.s3.amazonaws.com/2021/10/25/d5a6cd70-8b5d-4e27-a458-3709b556a900/ENCFF666XFC.bed.gz	https://datasetencode.blob.core.windows.net/dataset/2021/10/25/d5a6cd70-8b5d-4e27-a458-3709b556a900/ENCFF666XFC.bed.gz?sv=2019-10-10&si=prod&sr=c&sig=9qSQZo4ggrCNpybBExU8SypuUZV33igI11xw0P7rB3c%3D	15097764			
ENCFF898SJN	bigBed bed9+	candidate Cis-Regulatory Elements		ENCSR834NCV	candidate Cis-Regulatory Elements		current, ENCODE v3	UBERON:0000059	large intestine	tissue				Homo sapiens		2022-02-15	ENCODE	Zhiping Weng, UMass	06758af37fcd46c6cc28ea36f456cd11		https://www.encodeproject.org/files/ENCFF898SJN/@@download/ENCFF898SJN.bigBed	GRCh38		released	/files/ENCFF666XFC/	https://encode-public.s3.amazonaws.com/2021/10/25/0ec5a74c-e4d6-4a51-b7cc-9ca80023703c/ENCFF898SJN.bigBed	https://datasetencode.blob.core.windows.net/dataset/2021/10/25/0ec5a74c-e4d6-4a51-b7cc-9ca80023703c/ENCFF898SJN.bigBed?sv=2019-10-10&si=prod&sr=c&sig=9qSQZo4ggrCNpybBExU8SypuUZV33igI11xw0P7rB3c%3D	27611015			
ENCFF974UWG	bed bed9+	candidate Cis-Regulatory Elements		ENCSR089NNM	candidate Cis-Regulatory Elements		current, ENCODE v3	UBERON:0000160	intestine	tissue				Mus musculus		2022-02-24	ENCODE	Zhiping Weng, UMass	51b94a9ce0adac0eb6ecb5356cabb47e		https://www.encodeproject.org/files/ENCFF974UWG/@@download/ENCFF974UWG.bed.gz	mm10		released	/files/ENCFF095AEF/	https://encode-public.s3.amazonaws.com/2022/02/23/6c42d523-0834-4e35-a3cd-8a36ec7a807b/ENCFF974UWG.bed.gz	https://datasetencode.blob.core.windows.net/dataset/2022/02/23/6c42d523-0834-4e35-a3cd-8a36ec7a807b/ENCFF974UWG.bed.gz?sv=2019-10-10&si=prod&sr=c&sig=9qSQZo4ggrCNpybBExU8SypuUZV33igI11xw0P7rB3c%3D	4595308			
ENCFF824OZP	bigBed bed9+	candidate Cis-Regulatory Elements		ENCSR089NNM	candidate Cis-Regulatory Elements		current, ENCODE v3	UBERON:0000160	intestine	tissue				Mus musculus		2022-02-24	ENCODE	Zhiping Weng, UMass	3b57f00cdaa44e0ed1485a1c706af4e9		https://www.encodeproject.org/files/ENCFF824OZP/@@download/ENCFF824OZP.bigBed	mm10		released	/files/ENCFF974UWG/	https://encode-public.s3.amazonaws.com/2022/02/23/a8de5abb-8ff2-45fd-8519-d027bbd5f0bb/ENCFF824OZP.bigBed	https://datasetencode.blob.core.windows.net/dataset/2022/02/23/a8de5abb-8ff2-45fd-8519-d027bbd5f0bb/ENCFF824OZP.bigBed?sv=2019-10-10&si=prod&sr=c&sig=9qSQZo4ggrCNpybBExU8SypuUZV33igI11xw0P7rB3c%3D	9422917			
ENCFF137THP	bed bed9+	candidate Cis-Regulatory Elements		ENCSR300XSY	candidate Cis-Regulatory Elements		current, ENCODE v3	UBERON:0001159	sigmoid colon	tissue				Homo sapiens		2022-02-15	ENCODE	Zhiping Weng, UMass	dc5deb501cfb2a4420cd08832906c2a9		https://www.encodeproject.org/files/ENCFF137THP/@@download/ENCFF137THP.bed.gz	GRCh38		released	/files/ENCFF413OTQ/	https://encode-public.s3.amazonaws.com/2021/09/19/81bca55e-0440-47e7-8014-8e933d7e781c/ENCFF137THP.bed.gz	https://datasetencode.blob.core.windows.net/dataset/2021/09/19/81bca55e-0440-47e7-8014-8e933d7e781c/ENCFF137THP.bed.gz?sv=2019-10-10&si=prod&sr=c&sig=9qSQZo4ggrCNpybBExU8SypuUZV33igI11xw0P7rB3c%3D	14904068			
ENCFF571FOS	bigBed bed9+	candidate Cis-Regulatory Elements		ENCSR300XSY	candidate Cis-Regulatory Elements		current, ENCODE v3	UBERON:0001159	sigmoid colon	tissue				Homo sapiens		2022-02-15	ENCODE	Zhiping Weng, UMass	9a5913d7e252ce6e7a6b5e882ef9a17c		https://www.encodeproject.org/files/ENCFF571FOS/@@download/ENCFF571FOS.bigBed	GRCh38		released	/files/ENCFF137THP/	https://encode-public.s3.amazonaws.com/2021/09/19/75cef22f-2137-44dd-86f3-998e47b92a36/ENCFF571FOS.bigBed	https://datasetencode.blob.core.windows.net/dataset/2021/09/19/75cef22f-2137-44dd-86f3-998e47b92a36/ENCFF571FOS.bigBed?sv=2019-10-10&si=prod&sr=c&sig=9qSQZo4ggrCNpybBExU8SypuUZV33igI11xw0P7rB3c%3D	27766244			
ENCFF278JOB	bigBed bed9+	candidate Cis-Regulatory Elements		ENCSR884KZR	candidate Cis-Regulatory Elements		current, ENCODE v3	UBERON:0000160	intestine	tissue				Mus musculus		2022-02-24	ENCODE	Zhiping Weng, UMass	a6486fc8c662ad3b4b7ddb525256e5a4		https://www.encodeproject.org/files/ENCFF278JOB/@@download/ENCFF278JOB.bigBed	mm10		released	/files/ENCFF556NXC/	https://encode-public.s3.amazonaws.com/2022/02/23/aa88383f-bf64-4b02-a227-1e87887e8426/ENCFF278JOB.bigBed	https://datasetencode.blob.core.windows.net/dataset/2022/02/23/aa88383f-bf64-4b02-a227-1e87887e8426/ENCFF278JOB.bigBed?sv=2019-10-10&si=prod&sr=c&sig=9qSQZo4ggrCNpybBExU8SypuUZV33igI11xw0P7rB3c%3D	9418151			
ENCFF556NXC	bed bed9+	candidate Cis-Regulatory Elements		ENCSR884KZR	candidate Cis-Regulatory Elements		current, ENCODE v3	UBERON:0000160	intestine	tissue				Mus musculus		2022-02-24	ENCODE	Zhiping Weng, UMass	39d8243dd4e040a565af7d06bc429d62		https://www.encodeproject.org/files/ENCFF556NXC/@@download/ENCFF556NXC.bed.gz	mm10		released	/files/ENCFF095AEF/	https://encode-public.s3.amazonaws.com/2022/02/23/de85311d-79fe-4360-9df1-476a6ee08979/ENCFF556NXC.bed.gz	https://datasetencode.blob.core.windows.net/dataset/2022/02/23/de85311d-79fe-4360-9df1-476a6ee08979/ENCFF556NXC.bed.gz?sv=2019-10-10&si=prod&sr=c&sig=9qSQZo4ggrCNpybBExU8SypuUZV33igI11xw0P7rB3c%3D	4590320			
ENCFF034BHY	bed bed9+	candidate Cis-Regulatory Elements		ENCSR751PAL	candidate Cis-Regulatory Elements		current, ENCODE v3	UBERON:0000059	large intestine	tissue				Homo sapiens		2022-02-15	ENCODE	Zhiping Weng, UMass	1c8ca1e9ea767983d88355a35e8d6a8d		https://www.encodeproject.org/files/ENCFF034BHY/@@download/ENCFF034BHY.bed.gz	GRCh38		released	/files/ENCFF413OTQ/	https://encode-public.s3.amazonaws.com/2021/10/25/e3f3c795-5126-42c8-9fc3-f6dbedf79058/ENCFF034BHY.bed.gz	https://datasetencode.blob.core.windows.net/dataset/2021/10/25/e3f3c795-5126-42c8-9fc3-f6dbedf79058/ENCFF034BHY.bed.gz?sv=2019-10-10&si=prod&sr=c&sig=9qSQZo4ggrCNpybBExU8SypuUZV33igI11xw0P7rB3c%3D	15256260			
ENCFF524SID	bigBed bed9+	candidate Cis-Regulatory Elements		ENCSR751PAL	candidate Cis-Regulatory Elements		current, ENCODE v3	UBERON:0000059	large intestine	tissue				Homo sapiens		2022-02-15	ENCODE	Zhiping Weng, UMass	bc26996ed9ab4dc2d9bdafb112ceb751		https://www.encodeproject.org/files/ENCFF524SID/@@download/ENCFF524SID.bigBed	GRCh38		released	/files/ENCFF034BHY/	https://encode-public.s3.amazonaws.com/2021/10/25/8be616e9-2424-44b2-8100-e85de56369a3/ENCFF524SID.bigBed	https://datasetencode.blob.core.windows.net/dataset/2021/10/25/8be616e9-2424-44b2-8100-e85de56369a3/ENCFF524SID.bigBed?sv=2019-10-10&si=prod&sr=c&sig=9qSQZo4ggrCNpybBExU8SypuUZV33igI11xw0P7rB3c%3D	35941902			
ENCFF838QAW	bigBed bed9+	candidate Cis-Regulatory Elements		ENCSR752MGN	candidate Cis-Regulatory Elements		current, ENCODE v3	UBERON:0001159	sigmoid colon	tissue				Homo sapiens		2022-02-15	ENCODE	Zhiping Weng, UMass	951c7e6c92b696637a07098f04b937a4		https://www.encodeproject.org/files/ENCFF838QAW/@@download/ENCFF838QAW.bigBed	GRCh38		released	/files/ENCFF322DZO/	https://encode-public.s3.amazonaws.com/2021/10/25/605c4e30-a3c1-402b-af64-fb6b60a7c1fc/ENCFF838QAW.bigBed	https://datasetencode.blob.core.windows.net/dataset/2021/10/25/605c4e30-a3c1-402b-af64-fb6b60a7c1fc/ENCFF838QAW.bigBed?sv=2019-10-10&si=prod&sr=c&sig=9qSQZo4ggrCNpybBExU8SypuUZV33igI11xw0P7rB3c%3D	36000598			
ENCFF322DZO	bed bed9+	candidate Cis-Regulatory Elements		ENCSR752MGN	candidate Cis-Regulatory Elements		current, ENCODE v3	UBERON:0001159	sigmoid colon	tissue				Homo sapiens		2022-02-15	ENCODE	Zhiping Weng, UMass	c5c68e162fbf00edd6f63e22ac374dd0		https://www.encodeproject.org/files/ENCFF322DZO/@@download/ENCFF322DZO.bed.gz	GRCh38		released	/files/ENCFF413OTQ/	https://encode-public.s3.amazonaws.com/2021/10/25/004bf5fe-8663-46b9-b352-8b235d29528c/ENCFF322DZO.bed.gz	https://datasetencode.blob.core.windows.net/dataset/2021/10/25/004bf5fe-8663-46b9-b352-8b235d29528c/ENCFF322DZO.bed.gz?sv=2019-10-10&si=prod&sr=c&sig=9qSQZo4ggrCNpybBExU8SypuUZV33igI11xw0P7rB3c%3D	15165090			
ENCFF152AFP	bed bed9+	candidate Cis-Regulatory Elements		ENCSR557MSF	candidate Cis-Regulatory Elements		current, ENCODE v3	UBERON:0000059	large intestine	tissue				Mus musculus		2022-02-15	ENCODE	Zhiping Weng, UMass	0a598b49369d497dba9f960725fe4531		https://www.encodeproject.org/files/ENCFF152AFP/@@download/ENCFF152AFP.bed.gz	mm10		released	/files/ENCFF095AEF/	https://encode-public.s3.amazonaws.com/2021/12/08/818d9e36-3aab-4e35-bd97-36d420475d1d/ENCFF152AFP.bed.gz	https://datasetencode.blob.core.windows.net/dataset/2021/12/08/818d9e36-3aab-4e35-bd97-36d420475d1d/ENCFF152AFP.bed.gz?sv=2019-10-10&si=prod&sr=c&sig=9qSQZo4ggrCNpybBExU8SypuUZV33igI11xw0P7rB3c%3D	4533120			
ENCFF954ZED	bigBed bed9+	candidate Cis-Regulatory Elements		ENCSR557MSF	candidate Cis-Regulatory Elements		current, ENCODE v3	UBERON:0000059	large intestine	tissue				Mus musculus		2022-02-15	ENCODE	Zhiping Weng, UMass	3341a5f1f2a68b1167d47364a7d035e4		https://www.encodeproject.org/files/ENCFF954ZED/@@download/ENCFF954ZED.bigBed	mm10		released	/files/ENCFF152AFP/	https://encode-public.s3.amazonaws.com/2021/12/08/adb9c173-b27a-45dc-a1fb-0758407e569f/ENCFF954ZED.bigBed	https://datasetencode.blob.core.windows.net/dataset/2021/12/08/adb9c173-b27a-45dc-a1fb-0758407e569f/ENCFF954ZED.bigBed?sv=2019-10-10&si=prod&sr=c&sig=9qSQZo4ggrCNpybBExU8SypuUZV33igI11xw0P7rB3c%3D	9269988			
ENCFF935DDY	bigBed bed9+	candidate Cis-Regulatory Elements		ENCSR412JVQ	candidate Cis-Regulatory Elements		current, ENCODE v3	UBERON:0012489	muscle layer of colon	tissue				Homo sapiens		2022-02-15	ENCODE	Zhiping Weng, UMass	43e4cd659b256e3ecd9086c7dc3ad8d7		https://www.encodeproject.org/files/ENCFF935DDY/@@download/ENCFF935DDY.bigBed	GRCh38		released	/files/ENCFF360RXI/	https://encode-public.s3.amazonaws.com/2021/09/20/c23b3d20-1025-4b41-9c9f-469430727370/ENCFF935DDY.bigBed	https://datasetencode.blob.core.windows.net/dataset/2021/09/20/c23b3d20-1025-4b41-9c9f-469430727370/ENCFF935DDY.bigBed?sv=2019-10-10&si=prod&sr=c&sig=9qSQZo4ggrCNpybBExU8SypuUZV33igI11xw0P7rB3c%3D	35977038			
ENCFF360RXI	bed bed9+	candidate Cis-Regulatory Elements		ENCSR412JVQ	candidate Cis-Regulatory Elements		current, ENCODE v3	UBERON:0012489	muscle layer of colon	tissue				Homo sapiens		2022-02-15	ENCODE	Zhiping Weng, UMass	97a642c7bc7c74207dcacd28c96c6319		https://www.encodeproject.org/files/ENCFF360RXI/@@download/ENCFF360RXI.bed.gz	GRCh38		released	/files/ENCFF413OTQ/	https://encode-public.s3.amazonaws.com/2021/09/20/536e1a2f-29fc-4e03-b5c6-b891ab134fa4/ENCFF360RXI.bed.gz	https://datasetencode.blob.core.windows.net/dataset/2021/09/20/536e1a2f-29fc-4e03-b5c6-b891ab134fa4/ENCFF360RXI.bed.gz?sv=2019-10-10&si=prod&sr=c&sig=9qSQZo4ggrCNpybBExU8SypuUZV33igI11xw0P7rB3c%3D	15155168			
ENCFF024PQS	bed bed9+	candidate Cis-Regulatory Elements		ENCSR073QUR	candidate Cis-Regulatory Elements		current, ENCODE v3	UBERON:0000059	large intestine	tissue				Homo sapiens		2022-02-15	ENCODE	Zhiping Weng, UMass	50f3258e14ce349809ed78e1d1e181b9		https://www.encodeproject.org/files/ENCFF024PQS/@@download/ENCFF024PQS.bed.gz	GRCh38		released	/files/ENCFF413OTQ/	https://encode-public.s3.amazonaws.com/2021/10/25/0cde2030-d524-4e22-96e0-931c4aaffc32/ENCFF024PQS.bed.gz	https://datasetencode.blob.core.windows.net/dataset/2021/10/25/0cde2030-d524-4e22-96e0-931c4aaffc32/ENCFF024PQS.bed.gz?sv=2019-10-10&si=prod&sr=c&sig=9qSQZo4ggrCNpybBExU8SypuUZV33igI11xw0P7rB3c%3D	15089475			
ENCFF778PTM	bigBed bed9+	candidate Cis-Regulatory Elements		ENCSR073QUR	candidate Cis-Regulatory Elements		current, ENCODE v3	UBERON:0000059	large intestine	tissue				Homo sapiens		2022-02-15	ENCODE	Zhiping Weng, UMass	28b628d10d51dd068283dff6879a54c9		https://www.encodeproject.org/files/ENCFF778PTM/@@download/ENCFF778PTM.bigBed	GRCh38		released	/files/ENCFF024PQS/	https://encode-public.s3.amazonaws.com/2021/10/25/1e5063e1-0b19-4a42-9a21-4f24cf05967f/ENCFF778PTM.bigBed	https://datasetencode.blob.core.windows.net/dataset/2021/10/25/1e5063e1-0b19-4a42-9a21-4f24cf05967f/ENCFF778PTM.bigBed?sv=2019-10-10&si=prod&sr=c&sig=9qSQZo4ggrCNpybBExU8SypuUZV33igI11xw0P7rB3c%3D	27613862			
ENCFF025KEO	bed bed9+	candidate Cis-Regulatory Elements		ENCSR389UFY	candidate Cis-Regulatory Elements		current, ENCODE v3	UBERON:0000059	large intestine	tissue				Homo sapiens		2022-02-15	ENCODE	Zhiping Weng, UMass	a06fc5bbe85718f6ad2a6cde345f00da		https://www.encodeproject.org/files/ENCFF025KEO/@@download/ENCFF025KEO.bed.gz	GRCh38		released	/files/ENCFF413OTQ/	https://encode-public.s3.amazonaws.com/2021/10/25/39813926-7629-4939-8b20-d46f180ef8e7/ENCFF025KEO.bed.gz	https://datasetencode.blob.core.windows.net/dataset/2021/10/25/39813926-7629-4939-8b20-d46f180ef8e7/ENCFF025KEO.bed.gz?sv=2019-10-10&si=prod&sr=c&sig=9qSQZo4ggrCNpybBExU8SypuUZV33igI11xw0P7rB3c%3D	15089992			
ENCFF850JRQ	bigBed bed9+	candidate Cis-Regulatory Elements		ENCSR389UFY	candidate Cis-Regulatory Elements		current, ENCODE v3	UBERON:0000059	large intestine	tissue				Homo sapiens		2022-02-15	ENCODE	Zhiping Weng, UMass	52e6a44f28145eb422994db60acb4fa8		https://www.encodeproject.org/files/ENCFF850JRQ/@@download/ENCFF850JRQ.bigBed	GRCh38		released	/files/ENCFF025KEO/	https://encode-public.s3.amazonaws.com/2021/10/25/60ed3982-e8c5-4e1a-ac8e-9fe05b6c3e3d/ENCFF850JRQ.bigBed	https://datasetencode.blob.core.windows.net/dataset/2021/10/25/60ed3982-e8c5-4e1a-ac8e-9fe05b6c3e3d/ENCFF850JRQ.bigBed?sv=2019-10-10&si=prod&sr=c&sig=9qSQZo4ggrCNpybBExU8SypuUZV33igI11xw0P7rB3c%3D	27611983			
ENCFF318JTT	bed bed9+	candidate Cis-Regulatory Elements		ENCSR696WQN	candidate Cis-Regulatory Elements		current, ENCODE v3	UBERON:0008971	left colon	tissue				Homo sapiens		2022-02-15	ENCODE	Zhiping Weng, UMass	b85f97f9850e0a94f9de1ce6cf80b23c		https://www.encodeproject.org/files/ENCFF318JTT/@@download/ENCFF318JTT.bed.gz	GRCh38		released	/files/ENCFF413OTQ/	https://encode-public.s3.amazonaws.com/2021/10/25/e57e5cd6-41c2-425c-904a-646d988de882/ENCFF318JTT.bed.gz	https://datasetencode.blob.core.windows.net/dataset/2021/10/25/e57e5cd6-41c2-425c-904a-646d988de882/ENCFF318JTT.bed.gz?sv=2019-10-10&si=prod&sr=c&sig=9qSQZo4ggrCNpybBExU8SypuUZV33igI11xw0P7rB3c%3D	15056653			
ENCFF187RLW	bigBed bed9+	candidate Cis-Regulatory Elements		ENCSR696WQN	candidate Cis-Regulatory Elements		current, ENCODE v3	UBERON:0008971	left colon	tissue				Homo sapiens		2022-02-15	ENCODE	Zhiping Weng, UMass	3b174d82cef27936a696e4b4a14cfd64		https://www.encodeproject.org/files/ENCFF187RLW/@@download/ENCFF187RLW.bigBed	GRCh38		released	/files/ENCFF318JTT/	https://encode-public.s3.amazonaws.com/2021/10/25/61364083-0e96-4997-ac4b-42a07bdbbe01/ENCFF187RLW.bigBed	https://datasetencode.blob.core.windows.net/dataset/2021/10/25/61364083-0e96-4997-ac4b-42a07bdbbe01/ENCFF187RLW.bigBed?sv=2019-10-10&si=prod&sr=c&sig=9qSQZo4ggrCNpybBExU8SypuUZV33igI11xw0P7rB3c%3D	27591143			
ENCFF466PWQ	bed bed9+	candidate Cis-Regulatory Elements		ENCSR328EZS	candidate Cis-Regulatory Elements		current, ENCODE v3	UBERON:0001159	sigmoid colon	tissue				Homo sapiens		2022-02-15	ENCODE	Zhiping Weng, UMass	0653a7fc5f71647813b17059e5ad1f30		https://www.encodeproject.org/files/ENCFF466PWQ/@@download/ENCFF466PWQ.bed.gz	GRCh38		released	/files/ENCFF413OTQ/	https://encode-public.s3.amazonaws.com/2021/10/25/0dbd281d-1f26-4cbc-ba57-e33cc846e51a/ENCFF466PWQ.bed.gz	https://datasetencode.blob.core.windows.net/dataset/2021/10/25/0dbd281d-1f26-4cbc-ba57-e33cc846e51a/ENCFF466PWQ.bed.gz?sv=2019-10-10&si=prod&sr=c&sig=9qSQZo4ggrCNpybBExU8SypuUZV33igI11xw0P7rB3c%3D	15316100			
ENCFF057KVE	bigBed bed9+	candidate Cis-Regulatory Elements		ENCSR328EZS	candidate Cis-Regulatory Elements		current, ENCODE v3	UBERON:0001159	sigmoid colon	tissue				Homo sapiens		2022-02-15	ENCODE	Zhiping Weng, UMass	12ed932394bfc8322855acb161cdc86d		https://www.encodeproject.org/files/ENCFF057KVE/@@download/ENCFF057KVE.bigBed	GRCh38		released	/files/ENCFF466PWQ/	https://encode-public.s3.amazonaws.com/2021/10/25/85aba75e-4c8b-4f4e-81e1-975b7767c6dc/ENCFF057KVE.bigBed	https://datasetencode.blob.core.windows.net/dataset/2021/10/25/85aba75e-4c8b-4f4e-81e1-975b7767c6dc/ENCFF057KVE.bigBed?sv=2019-10-10&si=prod&sr=c&sig=9qSQZo4ggrCNpybBExU8SypuUZV33igI11xw0P7rB3c%3D	36180259			
ENCFF715SJC	bed bed9+	candidate Cis-Regulatory Elements		ENCSR735GNP	candidate Cis-Regulatory Elements		current, ENCODE v3	UBERON:0000059	large intestine	tissue				Homo sapiens		2022-02-15	ENCODE	Zhiping Weng, UMass	c7807a84426d8fc0a67ddf1a0e1cbfed		https://www.encodeproject.org/files/ENCFF715SJC/@@download/ENCFF715SJC.bed.gz	GRCh38		released	/files/ENCFF413OTQ/	https://encode-public.s3.amazonaws.com/2021/10/25/777ad6e5-afcc-4920-bec6-3bba0714c34e/ENCFF715SJC.bed.gz	https://datasetencode.blob.core.windows.net/dataset/2021/10/25/777ad6e5-afcc-4920-bec6-3bba0714c34e/ENCFF715SJC.bed.gz?sv=2019-10-10&si=prod&sr=c&sig=9qSQZo4ggrCNpybBExU8SypuUZV33igI11xw0P7rB3c%3D	15079161			
ENCFF118IPF	bigBed bed9+	candidate Cis-Regulatory Elements		ENCSR735GNP	candidate Cis-Regulatory Elements		current, ENCODE v3	UBERON:0000059	large intestine	tissue				Homo sapiens		2022-02-15	ENCODE	Zhiping Weng, UMass	d8af96df6c0458b53e9b22af1afb8be9		https://www.encodeproject.org/files/ENCFF118IPF/@@download/ENCFF118IPF.bigBed	GRCh38		released	/files/ENCFF715SJC/	https://encode-public.s3.amazonaws.com/2021/10/25/22b26706-12d1-433a-a039-c218d1f4d98e/ENCFF118IPF.bigBed	https://datasetencode.blob.core.windows.net/dataset/2021/10/25/22b26706-12d1-433a-a039-c218d1f4d98e/ENCFF118IPF.bigBed?sv=2019-10-10&si=prod&sr=c&sig=9qSQZo4ggrCNpybBExU8SypuUZV33igI11xw0P7rB3c%3D	27602844			
ENCFF316MRH	bed bed9+	candidate Cis-Regulatory Elements		ENCSR830QVV	candidate Cis-Regulatory Elements		current, ENCODE v3	UBERON:0000317	colonic mucosa	tissue				Homo sapiens		2022-02-15	ENCODE	Zhiping Weng, UMass	9617c1320add17d776381f6ab2dcbfcf		https://www.encodeproject.org/files/ENCFF316MRH/@@download/ENCFF316MRH.bed.gz	GRCh38		released	/files/ENCFF413OTQ/	https://encode-public.s3.amazonaws.com/2021/10/25/069cfc13-4096-4669-a1c0-82beaa7995a3/ENCFF316MRH.bed.gz	https://datasetencode.blob.core.windows.net/dataset/2021/10/25/069cfc13-4096-4669-a1c0-82beaa7995a3/ENCFF316MRH.bed.gz?sv=2019-10-10&si=prod&sr=c&sig=9qSQZo4ggrCNpybBExU8SypuUZV33igI11xw0P7rB3c%3D	15182724			
ENCFF163GCV	bigBed bed9+	candidate Cis-Regulatory Elements		ENCSR830QVV	candidate Cis-Regulatory Elements		current, ENCODE v3	UBERON:0000317	colonic mucosa	tissue				Homo sapiens		2022-02-15	ENCODE	Zhiping Weng, UMass	7677410a53076b075e791e38887b6f28		https://www.encodeproject.org/files/ENCFF163GCV/@@download/ENCFF163GCV.bigBed	GRCh38		released	/files/ENCFF316MRH/	https://encode-public.s3.amazonaws.com/2021/10/25/87e23dea-9651-4020-8a02-24412815283b/ENCFF163GCV.bigBed	https://datasetencode.blob.core.windows.net/dataset/2021/10/25/87e23dea-9651-4020-8a02-24412815283b/ENCFF163GCV.bigBed?sv=2019-10-10&si=prod&sr=c&sig=9qSQZo4ggrCNpybBExU8SypuUZV33igI11xw0P7rB3c%3D	36020733			
ENCFF954AFR	bed bed9+	candidate Cis-Regulatory Elements		ENCSR103FRM	candidate Cis-Regulatory Elements		current, ENCODE v3	UBERON:0008971	left colon	tissue				Homo sapiens		2022-02-15	ENCODE	Zhiping Weng, UMass	ebe40aa7d1aecc3b8d5ceed5e4a2a35e		https://www.encodeproject.org/files/ENCFF954AFR/@@download/ENCFF954AFR.bed.gz	GRCh38		released	/files/ENCFF413OTQ/	https://encode-public.s3.amazonaws.com/2021/09/20/d0c70553-fc82-4a40-930b-67af0d9f4b4e/ENCFF954AFR.bed.gz	https://datasetencode.blob.core.windows.net/dataset/2021/09/20/d0c70553-fc82-4a40-930b-67af0d9f4b4e/ENCFF954AFR.bed.gz?sv=2019-10-10&si=prod&sr=c&sig=9qSQZo4ggrCNpybBExU8SypuUZV33igI11xw0P7rB3c%3D	15043177			
ENCFF046TXU	bigBed bed9+	candidate Cis-Regulatory Elements		ENCSR103FRM	candidate Cis-Regulatory Elements		current, ENCODE v3	UBERON:0008971	left colon	tissue				Homo sapiens		2022-02-15	ENCODE	Zhiping Weng, UMass	c80eed3c9be7949d8bb80f7f4f7c4296		https://www.encodeproject.org/files/ENCFF046TXU/@@download/ENCFF046TXU.bigBed	GRCh38		released	/files/ENCFF954AFR/	https://encode-public.s3.amazonaws.com/2021/09/20/14705cb4-3236-45b4-bd98-e96b0df5b339/ENCFF046TXU.bigBed	https://datasetencode.blob.core.windows.net/dataset/2021/09/20/14705cb4-3236-45b4-bd98-e96b0df5b339/ENCFF046TXU.bigBed?sv=2019-10-10&si=prod&sr=c&sig=9qSQZo4ggrCNpybBExU8SypuUZV33igI11xw0P7rB3c%3D	27574302			
ENCFF937AZG	bed bed9+	candidate Cis-Regulatory Elements		ENCSR811EFU	candidate Cis-Regulatory Elements		current, ENCODE v3	UBERON:0001157	transverse colon	tissue				Homo sapiens		2022-02-15	ENCODE	Zhiping Weng, UMass	e6d7214c869fc6ed8517bc1d084f9ec0		https://www.encodeproject.org/files/ENCFF937AZG/@@download/ENCFF937AZG.bed.gz	GRCh38		released	/files/ENCFF413OTQ/	https://encode-public.s3.amazonaws.com/2021/10/25/b5b52e91-cc5b-4035-9aa4-65013c2975c1/ENCFF937AZG.bed.gz	https://datasetencode.blob.core.windows.net/dataset/2021/10/25/b5b52e91-cc5b-4035-9aa4-65013c2975c1/ENCFF937AZG.bed.gz?sv=2019-10-10&si=prod&sr=c&sig=9qSQZo4ggrCNpybBExU8SypuUZV33igI11xw0P7rB3c%3D	15089661			
ENCFF488QJI	bigBed bed9+	candidate Cis-Regulatory Elements		ENCSR811EFU	candidate Cis-Regulatory Elements		current, ENCODE v3	UBERON:0001157	transverse colon	tissue				Homo sapiens		2022-02-15	ENCODE	Zhiping Weng, UMass	748aad16924777e8dc8dfdd2500e0a51		https://www.encodeproject.org/files/ENCFF488QJI/@@download/ENCFF488QJI.bigBed	GRCh38		released	/files/ENCFF937AZG/	https://encode-public.s3.amazonaws.com/2021/10/25/a2fc2d7d-6f54-479b-9e67-ba56a4b9df42/ENCFF488QJI.bigBed	https://datasetencode.blob.core.windows.net/dataset/2021/10/25/a2fc2d7d-6f54-479b-9e67-ba56a4b9df42/ENCFF488QJI.bigBed?sv=2019-10-10&si=prod&sr=c&sig=9qSQZo4ggrCNpybBExU8SypuUZV33igI11xw0P7rB3c%3D	36024101			
ENCFF582GTV	bigBed bed9+	candidate Cis-Regulatory Elements		ENCSR116DCM	candidate Cis-Regulatory Elements		current, ENCODE v3	UBERON:0004992	mucosa of descending colon	tissue				Homo sapiens		2022-02-15	ENCODE	Zhiping Weng, UMass	98946ed44ddb7d2addd3599fd56ec870		https://www.encodeproject.org/files/ENCFF582GTV/@@download/ENCFF582GTV.bigBed	GRCh38		released	/files/ENCFF632LJU/	https://encode-public.s3.amazonaws.com/2021/10/25/6b5f8f99-2935-44f8-8a0b-fe29809b50a1/ENCFF582GTV.bigBed	https://datasetencode.blob.core.windows.net/dataset/2021/10/25/6b5f8f99-2935-44f8-8a0b-fe29809b50a1/ENCFF582GTV.bigBed?sv=2019-10-10&si=prod&sr=c&sig=9qSQZo4ggrCNpybBExU8SypuUZV33igI11xw0P7rB3c%3D	27546161			
ENCFF632LJU	bed bed9+	candidate Cis-Regulatory Elements		ENCSR116DCM	candidate Cis-Regulatory Elements		current, ENCODE v3	UBERON:0004992	mucosa of descending colon	tissue				Homo sapiens		2022-02-15	ENCODE	Zhiping Weng, UMass	50e596bdd8e9657126e0db8ff33f3d0a		https://www.encodeproject.org/files/ENCFF632LJU/@@download/ENCFF632LJU.bed.gz	GRCh38		released	/files/ENCFF413OTQ/	https://encode-public.s3.amazonaws.com/2021/10/25/63d56aa9-2647-4108-9cdc-dbd68530b78b/ENCFF632LJU.bed.gz	https://datasetencode.blob.core.windows.net/dataset/2021/10/25/63d56aa9-2647-4108-9cdc-dbd68530b78b/ENCFF632LJU.bed.gz?sv=2019-10-10&si=prod&sr=c&sig=9qSQZo4ggrCNpybBExU8SypuUZV33igI11xw0P7rB3c%3D	14997268			
ENCFF931ZNP	bed bed9+	candidate Cis-Regulatory Elements		ENCSR371LBI	candidate Cis-Regulatory Elements		current, ENCODE v3	UBERON:0000160	intestine	tissue				Mus musculus		2022-02-15	ENCODE	Zhiping Weng, UMass	1740e88613d6cae19cb1f70d0f43996f		https://www.encodeproject.org/files/ENCFF931ZNP/@@download/ENCFF931ZNP.bed.gz	mm10		released	/files/ENCFF095AEF/	https://encode-public.s3.amazonaws.com/2021/12/08/86a56317-1e25-4e52-888a-78978febe352/ENCFF931ZNP.bed.gz	https://datasetencode.blob.core.windows.net/dataset/2021/12/08/86a56317-1e25-4e52-888a-78978febe352/ENCFF931ZNP.bed.gz?sv=2019-10-10&si=prod&sr=c&sig=9qSQZo4ggrCNpybBExU8SypuUZV33igI11xw0P7rB3c%3D	4577943			
ENCFF479RIY	bigBed bed9+	candidate Cis-Regulatory Elements		ENCSR371LBI	candidate Cis-Regulatory Elements		current, ENCODE v3	UBERON:0000160	intestine	tissue				Mus musculus		2022-02-15	ENCODE	Zhiping Weng, UMass	03243bdf780408be6f8daa0fd2d12ec6		https://www.encodeproject.org/files/ENCFF479RIY/@@download/ENCFF479RIY.bigBed	mm10		released	/files/ENCFF931ZNP/	https://encode-public.s3.amazonaws.com/2021/12/08/b0bb0643-7fb7-4ce7-a0d0-986c4f912c9f/ENCFF479RIY.bigBed	https://datasetencode.blob.core.windows.net/dataset/2021/12/08/b0bb0643-7fb7-4ce7-a0d0-986c4f912c9f/ENCFF479RIY.bigBed?sv=2019-10-10&si=prod&sr=c&sig=9qSQZo4ggrCNpybBExU8SypuUZV33igI11xw0P7rB3c%3D	9368538			
ENCFF045ZQC	bigBed bed9+	candidate Cis-Regulatory Elements		ENCSR417SFM	candidate Cis-Regulatory Elements		current, ENCODE v3	UBERON:0004992	mucosa of descending colon	tissue				Homo sapiens		2022-02-15	ENCODE	Zhiping Weng, UMass	2f2b9c863d659634ed479b0ce0ae3711		https://www.encodeproject.org/files/ENCFF045ZQC/@@download/ENCFF045ZQC.bigBed	GRCh38		released	/files/ENCFF350NWA/	https://encode-public.s3.amazonaws.com/2021/10/25/0dd76c7c-6139-4f9b-a989-97fa3bc64530/ENCFF045ZQC.bigBed	https://datasetencode.blob.core.windows.net/dataset/2021/10/25/0dd76c7c-6139-4f9b-a989-97fa3bc64530/ENCFF045ZQC.bigBed?sv=2019-10-10&si=prod&sr=c&sig=9qSQZo4ggrCNpybBExU8SypuUZV33igI11xw0P7rB3c%3D	27571677			
ENCFF350NWA	bed bed9+	candidate Cis-Regulatory Elements		ENCSR417SFM	candidate Cis-Regulatory Elements		current, ENCODE v3	UBERON:0004992	mucosa of descending colon	tissue				Homo sapiens		2022-02-15	ENCODE	Zhiping Weng, UMass	32ae8e2b7209555f8a8efeb52eb4b714		https://www.encodeproject.org/files/ENCFF350NWA/@@download/ENCFF350NWA.bed.gz	GRCh38		released	/files/ENCFF413OTQ/	https://encode-public.s3.amazonaws.com/2021/10/25/8a93a69d-6a44-4b30-9218-a009a79251f2/ENCFF350NWA.bed.gz	https://datasetencode.blob.core.windows.net/dataset/2021/10/25/8a93a69d-6a44-4b30-9218-a009a79251f2/ENCFF350NWA.bed.gz?sv=2019-10-10&si=prod&sr=c&sig=9qSQZo4ggrCNpybBExU8SypuUZV33igI11xw0P7rB3c%3D	15026134			
ENCFF186HRJ	bigBed bed9+	candidate Cis-Regulatory Elements		ENCSR884ABV	candidate Cis-Regulatory Elements		current, ENCODE v3	UBERON:0001157	transverse colon	tissue				Homo sapiens		2022-02-15	ENCODE	Zhiping Weng, UMass	7e3ab934612c7db65151291b7e5a018d		https://www.encodeproject.org/files/ENCFF186HRJ/@@download/ENCFF186HRJ.bigBed	GRCh38		released	/files/ENCFF424YXV/	https://encode-public.s3.amazonaws.com/2021/10/25/994190c0-4321-4745-9050-7f2d82c67903/ENCFF186HRJ.bigBed	https://datasetencode.blob.core.windows.net/dataset/2021/10/25/994190c0-4321-4745-9050-7f2d82c67903/ENCFF186HRJ.bigBed?sv=2019-10-10&si=prod&sr=c&sig=9qSQZo4ggrCNpybBExU8SypuUZV33igI11xw0P7rB3c%3D	35960538			
ENCFF424YXV	bed bed9+	candidate Cis-Regulatory Elements		ENCSR884ABV	candidate Cis-Regulatory Elements		current, ENCODE v3	UBERON:0001157	transverse colon	tissue				Homo sapiens		2022-02-15	ENCODE	Zhiping Weng, UMass	0ccb50f9f641695e1e5fdc8222884ef0		https://www.encodeproject.org/files/ENCFF424YXV/@@download/ENCFF424YXV.bed.gz	GRCh38		released	/files/ENCFF413OTQ/	https://encode-public.s3.amazonaws.com/2021/10/25/559008f0-81b4-4de7-8e8b-ac7a546d2a2a/ENCFF424YXV.bed.gz	https://datasetencode.blob.core.windows.net/dataset/2021/10/25/559008f0-81b4-4de7-8e8b-ac7a546d2a2a/ENCFF424YXV.bed.gz?sv=2019-10-10&si=prod&sr=c&sig=9qSQZo4ggrCNpybBExU8SypuUZV33igI11xw0P7rB3c%3D	15033295			
ENCFF224CJA	bigBed bed9+	candidate Cis-Regulatory Elements		ENCSR364HRH	candidate Cis-Regulatory Elements		current, ENCODE v3	UBERON:0001157	transverse colon	tissue				Homo sapiens		2022-02-15	ENCODE	Zhiping Weng, UMass	6652be3ade7f2b32f6f49cd2a0472a6e		https://www.encodeproject.org/files/ENCFF224CJA/@@download/ENCFF224CJA.bigBed	GRCh38		released	/files/ENCFF164RLV/	https://encode-public.s3.amazonaws.com/2021/10/25/704e2fc4-587c-448b-b289-444c49e90852/ENCFF224CJA.bigBed	https://datasetencode.blob.core.windows.net/dataset/2021/10/25/704e2fc4-587c-448b-b289-444c49e90852/ENCFF224CJA.bigBed?sv=2019-10-10&si=prod&sr=c&sig=9qSQZo4ggrCNpybBExU8SypuUZV33igI11xw0P7rB3c%3D	35906921			
ENCFF164RLV	bed bed9+	candidate Cis-Regulatory Elements		ENCSR364HRH	candidate Cis-Regulatory Elements		current, ENCODE v3	UBERON:0001157	transverse colon	tissue				Homo sapiens		2022-02-15	ENCODE	Zhiping Weng, UMass	a42cce9835145cadd6464093a3495dfb		https://www.encodeproject.org/files/ENCFF164RLV/@@download/ENCFF164RLV.bed.gz	GRCh38		released	/files/ENCFF413OTQ/	https://encode-public.s3.amazonaws.com/2021/10/25/f6431ad1-95e0-4b41-bcce-128ed7c24b0d/ENCFF164RLV.bed.gz	https://datasetencode.blob.core.windows.net/dataset/2021/10/25/f6431ad1-95e0-4b41-bcce-128ed7c24b0d/ENCFF164RLV.bed.gz?sv=2019-10-10&si=prod&sr=c&sig=9qSQZo4ggrCNpybBExU8SypuUZV33igI11xw0P7rB3c%3D	14998832			
ENCFF095SMO	bed bed9+	candidate Cis-Regulatory Elements		ENCSR267EIV	candidate Cis-Regulatory Elements		current, ENCODE v3	UBERON:0004992	mucosa of descending colon	tissue				Homo sapiens		2022-02-15	ENCODE	Zhiping Weng, UMass	2c98987ca6db44d46f8e52bccd1b02d6		https://www.encodeproject.org/files/ENCFF095SMO/@@download/ENCFF095SMO.bed.gz	GRCh38		released	/files/ENCFF413OTQ/	https://encode-public.s3.amazonaws.com/2021/09/20/a0c9169e-9d21-49c1-b541-540a4f06adee/ENCFF095SMO.bed.gz	https://datasetencode.blob.core.windows.net/dataset/2021/09/20/a0c9169e-9d21-49c1-b541-540a4f06adee/ENCFF095SMO.bed.gz?sv=2019-10-10&si=prod&sr=c&sig=9qSQZo4ggrCNpybBExU8SypuUZV33igI11xw0P7rB3c%3D	15086330			
ENCFF028NAN	bigBed bed9+	candidate Cis-Regulatory Elements		ENCSR267EIV	candidate Cis-Regulatory Elements		current, ENCODE v3	UBERON:0004992	mucosa of descending colon	tissue				Homo sapiens		2022-02-15	ENCODE	Zhiping Weng, UMass	00e511e3208737998d20dd53b9cc5292		https://www.encodeproject.org/files/ENCFF028NAN/@@download/ENCFF028NAN.bigBed	GRCh38		released	/files/ENCFF095SMO/	https://encode-public.s3.amazonaws.com/2021/09/20/d43f49e8-2ef5-44e8-a254-9493924e7539/ENCFF028NAN.bigBed	https://datasetencode.blob.core.windows.net/dataset/2021/09/20/d43f49e8-2ef5-44e8-a254-9493924e7539/ENCFF028NAN.bigBed?sv=2019-10-10&si=prod&sr=c&sig=9qSQZo4ggrCNpybBExU8SypuUZV33igI11xw0P7rB3c%3D	27608776			
ENCFF277SLP	bed bed9+	candidate Cis-Regulatory Elements		ENCSR191LCU	candidate Cis-Regulatory Elements		current, ENCODE v3	UBERON:0001159	sigmoid colon	tissue				Homo sapiens		2022-02-15	ENCODE	Zhiping Weng, UMass	ca840516a716d3e6f79f1e3aab52091b		https://www.encodeproject.org/files/ENCFF277SLP/@@download/ENCFF277SLP.bed.gz	GRCh38		released	/files/ENCFF413OTQ/	https://encode-public.s3.amazonaws.com/2021/10/25/3387117c-7b12-4f5e-82dc-1d305d091de4/ENCFF277SLP.bed.gz	https://datasetencode.blob.core.windows.net/dataset/2021/10/25/3387117c-7b12-4f5e-82dc-1d305d091de4/ENCFF277SLP.bed.gz?sv=2019-10-10&si=prod&sr=c&sig=9qSQZo4ggrCNpybBExU8SypuUZV33igI11xw0P7rB3c%3D	15147966			
ENCFF844JZF	bigBed bed9+	candidate Cis-Regulatory Elements		ENCSR191LCU	candidate Cis-Regulatory Elements		current, ENCODE v3	UBERON:0001159	sigmoid colon	tissue				Homo sapiens		2022-02-15	ENCODE	Zhiping Weng, UMass	1e8bf3928f3e13ad407749f7a368fbe6		https://www.encodeproject.org/files/ENCFF844JZF/@@download/ENCFF844JZF.bigBed	GRCh38		released	/files/ENCFF277SLP/	https://encode-public.s3.amazonaws.com/2021/10/25/c0233867-81f5-4a86-b623-259af80c9bbb/ENCFF844JZF.bigBed	https://datasetencode.blob.core.windows.net/dataset/2021/10/25/c0233867-81f5-4a86-b623-259af80c9bbb/ENCFF844JZF.bigBed?sv=2019-10-10&si=prod&sr=c&sig=9qSQZo4ggrCNpybBExU8SypuUZV33igI11xw0P7rB3c%3D	35992702			
ENCFF284MXI	bed bed9+	candidate Cis-Regulatory Elements		ENCSR211XAO	candidate Cis-Regulatory Elements		current, ENCODE v3	UBERON:0000059	large intestine	tissue				Homo sapiens		2022-02-15	ENCODE	Zhiping Weng, UMass	c3c2681885128bd46f05ce9891d1f528		https://www.encodeproject.org/files/ENCFF284MXI/@@download/ENCFF284MXI.bed.gz	GRCh38		released	/files/ENCFF413OTQ/	https://encode-public.s3.amazonaws.com/2021/10/25/b3c2d80b-ec58-4dfb-b05c-6abbd1430513/ENCFF284MXI.bed.gz	https://datasetencode.blob.core.windows.net/dataset/2021/10/25/b3c2d80b-ec58-4dfb-b05c-6abbd1430513/ENCFF284MXI.bed.gz?sv=2019-10-10&si=prod&sr=c&sig=9qSQZo4ggrCNpybBExU8SypuUZV33igI11xw0P7rB3c%3D	15073683			
ENCFF063IWT	bigBed bed9+	candidate Cis-Regulatory Elements		ENCSR211XAO	candidate Cis-Regulatory Elements		current, ENCODE v3	UBERON:0000059	large intestine	tissue				Homo sapiens		2022-02-15	ENCODE	Zhiping Weng, UMass	1295d2e6b6329d72aa611b4beaef6aff		https://www.encodeproject.org/files/ENCFF063IWT/@@download/ENCFF063IWT.bigBed	GRCh38		released	/files/ENCFF284MXI/	https://encode-public.s3.amazonaws.com/2021/10/25/46922cf4-8ae2-4876-b29e-5b372c7cfd6d/ENCFF063IWT.bigBed	https://datasetencode.blob.core.windows.net/dataset/2021/10/25/46922cf4-8ae2-4876-b29e-5b372c7cfd6d/ENCFF063IWT.bigBed?sv=2019-10-10&si=prod&sr=c&sig=9qSQZo4ggrCNpybBExU8SypuUZV33igI11xw0P7rB3c%3D	27606508			
ENCFF803TAS	bed bed9+	candidate Cis-Regulatory Elements		ENCSR207LTA	candidate Cis-Regulatory Elements		current, ENCODE v3	UBERON:0000059	large intestine	tissue				Homo sapiens		2022-02-15	ENCODE	Zhiping Weng, UMass	882136d669afdebdd604dd6a76e6932f		https://www.encodeproject.org/files/ENCFF803TAS/@@download/ENCFF803TAS.bed.gz	GRCh38		released	/files/ENCFF413OTQ/	https://encode-public.s3.amazonaws.com/2021/10/25/aa107e34-1739-4498-ba5e-1d02b48033f4/ENCFF803TAS.bed.gz	https://datasetencode.blob.core.windows.net/dataset/2021/10/25/aa107e34-1739-4498-ba5e-1d02b48033f4/ENCFF803TAS.bed.gz?sv=2019-10-10&si=prod&sr=c&sig=9qSQZo4ggrCNpybBExU8SypuUZV33igI11xw0P7rB3c%3D	15093717			
ENCFF362GPG	bigBed bed9+	candidate Cis-Regulatory Elements		ENCSR207LTA	candidate Cis-Regulatory Elements		current, ENCODE v3	UBERON:0000059	large intestine	tissue				Homo sapiens		2022-02-15	ENCODE	Zhiping Weng, UMass	521c8b2eb7b9c897e29a57011fcbdcf8		https://www.encodeproject.org/files/ENCFF362GPG/@@download/ENCFF362GPG.bigBed	GRCh38		released	/files/ENCFF803TAS/	https://encode-public.s3.amazonaws.com/2021/10/25/9de10093-7d03-488b-9ada-7c081a4f5a53/ENCFF362GPG.bigBed	https://datasetencode.blob.core.windows.net/dataset/2021/10/25/9de10093-7d03-488b-9ada-7c081a4f5a53/ENCFF362GPG.bigBed?sv=2019-10-10&si=prod&sr=c&sig=9qSQZo4ggrCNpybBExU8SypuUZV33igI11xw0P7rB3c%3D	27617050			
ENCFF375JWG	bigBed bed9+	candidate Cis-Regulatory Elements		ENCSR196DHC	candidate Cis-Regulatory Elements		current, ENCODE v3	UBERON:0012489	muscle layer of colon	tissue				Homo sapiens		2022-02-15	ENCODE	Zhiping Weng, UMass	55379bd4d92adaf46b41a7319a77bef4		https://www.encodeproject.org/files/ENCFF375JWG/@@download/ENCFF375JWG.bigBed	GRCh38		released	/files/ENCFF750WMI/	https://encode-public.s3.amazonaws.com/2021/10/25/7f417e23-645c-408d-84b9-67d0d065a585/ENCFF375JWG.bigBed	https://datasetencode.blob.core.windows.net/dataset/2021/10/25/7f417e23-645c-408d-84b9-67d0d065a585/ENCFF375JWG.bigBed?sv=2019-10-10&si=prod&sr=c&sig=9qSQZo4ggrCNpybBExU8SypuUZV33igI11xw0P7rB3c%3D	35834119			
ENCFF750WMI	bed bed9+	candidate Cis-Regulatory Elements		ENCSR196DHC	candidate Cis-Regulatory Elements		current, ENCODE v3	UBERON:0012489	muscle layer of colon	tissue				Homo sapiens		2022-02-15	ENCODE	Zhiping Weng, UMass	9e443b49e9c2af457e8a5b962f7a1c6c		https://www.encodeproject.org/files/ENCFF750WMI/@@download/ENCFF750WMI.bed.gz	GRCh38		released	/files/ENCFF413OTQ/	https://encode-public.s3.amazonaws.com/2021/10/25/69d73d16-9354-43a7-9d58-2114bee5e502/ENCFF750WMI.bed.gz	https://datasetencode.blob.core.windows.net/dataset/2021/10/25/69d73d16-9354-43a7-9d58-2114bee5e502/ENCFF750WMI.bed.gz?sv=2019-10-10&si=prod&sr=c&sig=9qSQZo4ggrCNpybBExU8SypuUZV33igI11xw0P7rB3c%3D	15013751			
ENCFF898UAX	bed bed9+	candidate Cis-Regulatory Elements		ENCSR269SMA	candidate Cis-Regulatory Elements		current, ENCODE v3	UBERON:0000317	colonic mucosa	tissue				Homo sapiens		2022-02-15	ENCODE	Zhiping Weng, UMass	2ceda7582585f18ceed884a204e88467		https://www.encodeproject.org/files/ENCFF898UAX/@@download/ENCFF898UAX.bed.gz	GRCh38		released	/files/ENCFF413OTQ/	https://encode-public.s3.amazonaws.com/2021/10/25/51b729a5-5e20-4ed7-b981-98d0597874d2/ENCFF898UAX.bed.gz	https://datasetencode.blob.core.windows.net/dataset/2021/10/25/51b729a5-5e20-4ed7-b981-98d0597874d2/ENCFF898UAX.bed.gz?sv=2019-10-10&si=prod&sr=c&sig=9qSQZo4ggrCNpybBExU8SypuUZV33igI11xw0P7rB3c%3D	15061600			
ENCFF389JSK	bigBed bed9+	candidate Cis-Regulatory Elements		ENCSR269SMA	candidate Cis-Regulatory Elements		current, ENCODE v3	UBERON:0000317	colonic mucosa	tissue				Homo sapiens		2022-02-15	ENCODE	Zhiping Weng, UMass	7e01499da71d7b3e1e422289d54229e5		https://www.encodeproject.org/files/ENCFF389JSK/@@download/ENCFF389JSK.bigBed	GRCh38		released	/files/ENCFF898UAX/	https://encode-public.s3.amazonaws.com/2021/10/25/acae462a-ec77-4ee5-b31a-1c537445f43f/ENCFF389JSK.bigBed	https://datasetencode.blob.core.windows.net/dataset/2021/10/25/acae462a-ec77-4ee5-b31a-1c537445f43f/ENCFF389JSK.bigBed?sv=2019-10-10&si=prod&sr=c&sig=9qSQZo4ggrCNpybBExU8SypuUZV33igI11xw0P7rB3c%3D	27592309			
ENCFF633GHY	bed bed9+	candidate Cis-Regulatory Elements		ENCSR033DHK	candidate Cis-Regulatory Elements		current, ENCODE v3	UBERON:0000059	large intestine	tissue				Homo sapiens		2022-02-15	ENCODE	Zhiping Weng, UMass	5199ae009ce5c2a52ef9f03d10ed22cd		https://www.encodeproject.org/files/ENCFF633GHY/@@download/ENCFF633GHY.bed.gz	GRCh38		released	/files/ENCFF413OTQ/	https://encode-public.s3.amazonaws.com/2021/10/25/c59939d9-4eed-4d1f-9fd1-32cce77161cf/ENCFF633GHY.bed.gz	https://datasetencode.blob.core.windows.net/dataset/2021/10/25/c59939d9-4eed-4d1f-9fd1-32cce77161cf/ENCFF633GHY.bed.gz?sv=2019-10-10&si=prod&sr=c&sig=9qSQZo4ggrCNpybBExU8SypuUZV33igI11xw0P7rB3c%3D	15072975			
ENCFF661FXP	bigBed bed9+	candidate Cis-Regulatory Elements		ENCSR033DHK	candidate Cis-Regulatory Elements		current, ENCODE v3	UBERON:0000059	large intestine	tissue				Homo sapiens		2022-02-15	ENCODE	Zhiping Weng, UMass	eba7931315e7d16b1abdd82cb1a93cd0		https://www.encodeproject.org/files/ENCFF661FXP/@@download/ENCFF661FXP.bigBed	GRCh38		released	/files/ENCFF633GHY/	https://encode-public.s3.amazonaws.com/2021/10/25/142002e6-6f0b-4cb6-add1-4202cafac9eb/ENCFF661FXP.bigBed	https://datasetencode.blob.core.windows.net/dataset/2021/10/25/142002e6-6f0b-4cb6-add1-4202cafac9eb/ENCFF661FXP.bigBed?sv=2019-10-10&si=prod&sr=c&sig=9qSQZo4ggrCNpybBExU8SypuUZV33igI11xw0P7rB3c%3D	27605546			
ENCFF970REE	bigBed bed9+	candidate Cis-Regulatory Elements		ENCSR512QPR	candidate Cis-Regulatory Elements		current, ENCODE v3	UBERON:0000059	large intestine	tissue				Homo sapiens		2022-02-15	ENCODE	Zhiping Weng, UMass	e8bccb982062d1f986a86ced11570cc7		https://www.encodeproject.org/files/ENCFF970REE/@@download/ENCFF970REE.bigBed	GRCh38		released	/files/ENCFF205FKB/	https://encode-public.s3.amazonaws.com/2021/10/25/19685a4f-19a1-49a7-b93b-d84432cb32bd/ENCFF970REE.bigBed	https://datasetencode.blob.core.windows.net/dataset/2021/10/25/19685a4f-19a1-49a7-b93b-d84432cb32bd/ENCFF970REE.bigBed?sv=2019-10-10&si=prod&sr=c&sig=9qSQZo4ggrCNpybBExU8SypuUZV33igI11xw0P7rB3c%3D	27603091			
ENCFF205FKB	bed bed9+	candidate Cis-Regulatory Elements		ENCSR512QPR	candidate Cis-Regulatory Elements		current, ENCODE v3	UBERON:0000059	large intestine	tissue				Homo sapiens		2022-02-15	ENCODE	Zhiping Weng, UMass	bccaafcca2cfafecdcccdba630432411		https://www.encodeproject.org/files/ENCFF205FKB/@@download/ENCFF205FKB.bed.gz	GRCh38		released	/files/ENCFF413OTQ/	https://encode-public.s3.amazonaws.com/2021/10/25/e748f2d8-409c-4c74-aef1-eea6f7922fcb/ENCFF205FKB.bed.gz	https://datasetencode.blob.core.windows.net/dataset/2021/10/25/e748f2d8-409c-4c74-aef1-eea6f7922fcb/ENCFF205FKB.bed.gz?sv=2019-10-10&si=prod&sr=c&sig=9qSQZo4ggrCNpybBExU8SypuUZV33igI11xw0P7rB3c%3D	15077469			
